запрос;приоритет;тип;приёмник
винтовые сваи купить;high;коммерческий;/catalog/
винтовые сваи цена;high;коммерческий;/prices/
винтовые сваи пермь;high;коммерческий;/catalog/
купить винтовые сваи в перми;high;коммерческий;/catalog/
винтовые сваи в перми;high;коммерческий;/catalog/
монтаж винтовых свай;high;коммерческий;/montage/
монтаж винтовых свай цена;high;коммерческий;/montage/
установка винтовых свай;high;коммерческий;/montage/
винтовые сваи под ключ;high;коммерческий;/montage/
фундамент на винтовых сваях;high;коммерческий;/
фундамент из винтовых свай;high;коммерческий;/
свайный фундамент цена;high;коммерческий;/
фундамент на винтовых сваях цена;high;коммерческий;/
забор на винтовых сваях;high;коммерческий;/
винтовые столбы для забора;high;коммерческий;/
баня на винтовых сваях;high;коммерческий;/
дом на винтовых сваях;high;коммерческий;/
навес на винтовых сваях;high;коммерческий;/
терраса на винтовых сваях;high;коммерческий;/
беседка на винтовых сваях;high;коммерческий;/
пристройка на винтовых сваях;high;коммерческий;/
гараж на винтовых сваях;high;коммерческий;/
ангар на винтовых сваях;high;коммерческий;/
бытовка на винтовых сваях;high;коммерческий;/
винтовые сваи для торфяника;high;коммерческий;/
винтовые сваи для слабых грунтов;high;коммерческий;/
винтовые сваи на склоне;high;коммерческий;/
винтовые сваи ВСГ-57 купить;med;коммерческий;/catalog/
винтовые сваи ВСГ-76 купить;med;коммерческий;/catalog/
винтовые сваи ВСГ-89 купить;med;коммерческий;/catalog/
винтовые сваи ВСГ-108 купить;med;коммерческий;/catalog/
винтовые сваи с усиленной лопастью;med;коммерческий;/catalog/
какие винтовые сваи выбрать;med;информационный;/articles/vidy/
какой диаметр винтовых свай выбрать;med;информационный;/articles/vidy/
винтовые сваи или ленточный фундамент;med;информационный;/articles/stroitelstvo-fundamenta/
что лучше винтовые сваи или ленточный фундамент;med;информационный;/articles/stroitelstvo-fundamenta/
винтовые или забивные сваи;med;информационный;/articles/tehnologiy/
срок службы винтовых свай;med;информационный;/articles/preimushestva/
гарантия на винтовые сваи;med;информационный;/articles/preimushestva/
как рассчитать количество винтовых свай;med;информационный;/articles/raschet/
установка винтовых свай зимой;med;информационный;/articles/zima/
испытание винтовых свай;med;информационный;/articles/ispytaniy/
пробное вкручивание винтовых свай;med;информационный;/articles/probnoe/
расстояние между винтовыми сваями;med;информационный;/articles/razmeshenie-svay/
обвязка винтовых свай;med;информационный;/articles/rostverk/
ростверк на винтовых сваях;med;информационный;/articles/rostverk/
ошибки при установке винтовых свай;med;информационный;/articles/oshibki/
сколько стоят винтовые сваи;med;информационный;/articles/stoimost-svay/
винтовые сваи отзывы;med;информационный;/articles/otzyvy/
завод винтовых свай пермь;low;локальный;/
изготовление винтовых свай пермь;low;локальный;/catalog/
винтовые сваи пермский край;low;локальный;/catalog/
фундамент на винтовых сваях пермь;low;локальный;/
монтаж винтовых свай пермь;low;локальный;/montage/
